http://purl.obolibrary.org/obo/HP_0002385	http://purl.obolibrary.org/obo/MP_0009434	1.0
http://purl.obolibrary.org/obo/HP_0100562	http://purl.obolibrary.org/obo/MP_0012711	1.0
http://purl.obolibrary.org/obo/HP_0410005	http://purl.obolibrary.org/obo/MP_0013545	1.0
http://purl.obolibrary.org/obo/HP_0045082	http://purl.obolibrary.org/obo/MP_0006086	1.0
http://purl.obolibrary.org/obo/HP_0031097	http://purl.obolibrary.org/obo/MP_0003971	1.0
http://purl.obolibrary.org/obo/HP_0007957	http://purl.obolibrary.org/obo/MP_0001314	1.0
http://purl.obolibrary.org/obo/HP_0003298	http://purl.obolibrary.org/obo/MP_0005297	1.0
http://purl.obolibrary.org/obo/HP_0001741	http://purl.obolibrary.org/obo/MP_0003554	1.0
http://purl.obolibrary.org/obo/HP_0000070	http://purl.obolibrary.org/obo/MP_0011767	1.0
http://purl.obolibrary.org/obo/HP_0030735	http://purl.obolibrary.org/obo/MP_0011492	1.0
http://purl.obolibrary.org/obo/HP_0011002	http://purl.obolibrary.org/obo/MP_0000067	1.0
http://purl.obolibrary.org/obo/HP_0100317	http://purl.obolibrary.org/obo/MP_0014064	1.0
http://purl.obolibrary.org/obo/HP_0002185	http://purl.obolibrary.org/obo/MP_0003214	1.0
http://purl.obolibrary.org/obo/HP_0005537	http://purl.obolibrary.org/obo/MP_0008935	1.0
http://purl.obolibrary.org/obo/HP_0000837	http://purl.obolibrary.org/obo/MP_0003362	1.0
http://purl.obolibrary.org/obo/HP_0012331	http://purl.obolibrary.org/obo/MP_0002751	1.0
http://purl.obolibrary.org/obo/HP_0012378	http://purl.obolibrary.org/obo/MP_0002899	1.0
http://purl.obolibrary.org/obo/HP_0030341	http://purl.obolibrary.org/obo/MP_0002790	1.0
http://purl.obolibrary.org/obo/HP_0001978	http://purl.obolibrary.org/obo/MP_0000240	1.0
http://purl.obolibrary.org/obo/HP_0100539	http://purl.obolibrary.org/obo/MP_0001788	1.0
http://purl.obolibrary.org/obo/HP_0000855	http://purl.obolibrary.org/obo/MP_0005331	1.0
http://purl.obolibrary.org/obo/HP_0001541	http://purl.obolibrary.org/obo/MP_0005324	1.0
http://purl.obolibrary.org/obo/HP_0100961	http://purl.obolibrary.org/obo/MP_0008282	1.0
http://purl.obolibrary.org/obo/HP_0001970	http://purl.obolibrary.org/obo/MP_0011405	1.0
http://purl.obolibrary.org/obo/HP_0012505	http://purl.obolibrary.org/obo/MP_0000636	1.0
http://purl.obolibrary.org/obo/HP_0002615	http://purl.obolibrary.org/obo/MP_0001596	1.0
http://purl.obolibrary.org/obo/HP_0002032	http://purl.obolibrary.org/obo/MP_0003276	1.0
http://purl.obolibrary.org/obo/HP_0012245	http://purl.obolibrary.org/obo/MP_0005652	1.0
http://purl.obolibrary.org/obo/HP_0002925	http://purl.obolibrary.org/obo/MP_0005135	1.0
http://purl.obolibrary.org/obo/HP_0000789	http://purl.obolibrary.org/obo/MP_0001924	1.0
http://purl.obolibrary.org/obo/HP_0000498	http://purl.obolibrary.org/obo/MP_0005251	1.0
http://purl.obolibrary.org/obo/HP_0012415	http://purl.obolibrary.org/obo/MP_0002329	1.0
http://purl.obolibrary.org/obo/HP_0001631	http://purl.obolibrary.org/obo/MP_0010403	1.0
http://purl.obolibrary.org/obo/HP_0011877	http://purl.obolibrary.org/obo/MP_0002599	1.0
http://purl.obolibrary.org/obo/HP_0004319	http://purl.obolibrary.org/obo/MP_0002667	1.0
http://purl.obolibrary.org/obo/HP_0012337	http://purl.obolibrary.org/obo/MP_0001764	1.0
http://purl.obolibrary.org/obo/HP_0000217	http://purl.obolibrary.org/obo/MP_0000624	1.0
http://purl.obolibrary.org/obo/HP_0012205	http://purl.obolibrary.org/obo/MP_0002686	1.0
http://purl.obolibrary.org/obo/HP_0030187	http://purl.obolibrary.org/obo/MP_0009514	1.0
http://purl.obolibrary.org/obo/HP_0009741	http://purl.obolibrary.org/obo/MP_0009860	1.0
http://purl.obolibrary.org/obo/HP_0001004	http://purl.obolibrary.org/obo/MP_0003390	1.0
http://purl.obolibrary.org/obo/HP_0012165	http://purl.obolibrary.org/obo/MP_0000565	1.0
http://purl.obolibrary.org/obo/HP_0031086	http://purl.obolibrary.org/obo/MP_0011727	1.0
http://purl.obolibrary.org/obo/HP_0005225	http://purl.obolibrary.org/obo/MP_0003288	1.0
http://purl.obolibrary.org/obo/HP_0030332	http://purl.obolibrary.org/obo/MP_0008037	1.0
http://purl.obolibrary.org/obo/HP_0011537	http://purl.obolibrary.org/obo/MP_0008461	1.0
http://purl.obolibrary.org/obo/HP_0003641	http://purl.obolibrary.org/obo/MP_0000315	1.0
http://purl.obolibrary.org/obo/HP_0002751	http://purl.obolibrary.org/obo/MP_0000069	1.0
http://purl.obolibrary.org/obo/HP_0008222	http://purl.obolibrary.org/obo/MP_0001926	1.0
http://purl.obolibrary.org/obo/HP_0004840	http://purl.obolibrary.org/obo/MP_0008388	1.0
http://purl.obolibrary.org/obo/HP_0002323	http://purl.obolibrary.org/obo/MP_0001890	1.0
http://purl.obolibrary.org/obo/HP_0001920	http://purl.obolibrary.org/obo/MP_0011356	1.0
http://purl.obolibrary.org/obo/HP_0030966	http://purl.obolibrary.org/obo/MP_0000484	1.0
http://purl.obolibrary.org/obo/HP_0000360	http://purl.obolibrary.org/obo/MP_0003741	1.0
http://purl.obolibrary.org/obo/HP_0002732	http://purl.obolibrary.org/obo/MP_0008101	1.0
http://purl.obolibrary.org/obo/HP_0011876	http://purl.obolibrary.org/obo/MP_0002586	1.0
http://purl.obolibrary.org/obo/HP_0001972	http://purl.obolibrary.org/obo/MP_0002811	1.0
http://purl.obolibrary.org/obo/HP_0011854	http://purl.obolibrary.org/obo/MP_0005435	1.0
http://purl.obolibrary.org/obo/HP_0002808	http://purl.obolibrary.org/obo/MP_0000160	1.0
http://purl.obolibrary.org/obo/HP_0002575	http://purl.obolibrary.org/obo/MP_0003321	1.0
http://purl.obolibrary.org/obo/HP_0000453	http://purl.obolibrary.org/obo/MP_0008970	1.0
http://purl.obolibrary.org/obo/HP_0100671	http://purl.obolibrary.org/obo/MP_0000130	1.0
http://purl.obolibrary.org/obo/HP_0001644	http://purl.obolibrary.org/obo/MP_0002795	1.0
http://purl.obolibrary.org/obo/HP_0001539	http://purl.obolibrary.org/obo/MP_0003052	1.0
http://purl.obolibrary.org/obo/HP_0003077	http://purl.obolibrary.org/obo/MP_0001548	1.0
http://purl.obolibrary.org/obo/HP_0011029	http://purl.obolibrary.org/obo/MP_0001634	1.0
http://purl.obolibrary.org/obo/HP_0004326	http://purl.obolibrary.org/obo/MP_0005150	1.0
http://purl.obolibrary.org/obo/HP_0011681	http://purl.obolibrary.org/obo/MP_0010417	1.0
http://purl.obolibrary.org/obo/HP_0010458	http://purl.obolibrary.org/obo/MP_0002788	1.0
http://purl.obolibrary.org/obo/HP_0011455	http://purl.obolibrary.org/obo/MP_0004319	1.0
http://purl.obolibrary.org/obo/HP_0012533	http://purl.obolibrary.org/obo/MP_0003177	1.0
http://purl.obolibrary.org/obo/HP_0000939	http://purl.obolibrary.org/obo/MP_0000066	1.0
http://purl.obolibrary.org/obo/HP_0030779	http://purl.obolibrary.org/obo/MP_0014061	1.0
http://purl.obolibrary.org/obo/HP_0002900	http://purl.obolibrary.org/obo/MP_0004119	1.0
http://purl.obolibrary.org/obo/HP_0030313	http://purl.obolibrary.org/obo/MP_0010971	1.0
http://purl.obolibrary.org/obo/HP_0012327	http://purl.obolibrary.org/obo/MP_0013856	1.0
http://purl.obolibrary.org/obo/HP_0500006	http://purl.obolibrary.org/obo/MP_0011763	1.0
http://purl.obolibrary.org/obo/HP_0003982	http://purl.obolibrary.org/obo/MP_0004360	1.0
http://purl.obolibrary.org/obo/HP_0009914	http://purl.obolibrary.org/obo/MP_0005163	1.0
http://purl.obolibrary.org/obo/HP_0009556	http://purl.obolibrary.org/obo/MP_0002728	1.0
http://purl.obolibrary.org/obo/HP_0001254	http://purl.obolibrary.org/obo/MP_0005202	1.0
http://purl.obolibrary.org/obo/HP_0012100	http://purl.obolibrary.org/obo/MP_0005328	1.0
http://purl.obolibrary.org/obo/HP_0001698	http://purl.obolibrary.org/obo/MP_0005312	1.0
http://purl.obolibrary.org/obo/HP_0004756	http://purl.obolibrary.org/obo/MP_0008950	1.0
http://purl.obolibrary.org/obo/HP_0000027	http://purl.obolibrary.org/obo/MP_0005159	1.0
http://purl.obolibrary.org/obo/HP_0001959	http://purl.obolibrary.org/obo/MP_0001426	1.0
http://purl.obolibrary.org/obo/HP_0007670	http://purl.obolibrary.org/obo/MP_0004844	1.0
http://purl.obolibrary.org/obo/HP_0030276	http://purl.obolibrary.org/obo/MP_0003609	1.0
http://purl.obolibrary.org/obo/HP_0000762	http://purl.obolibrary.org/obo/MP_0008814	1.0
http://purl.obolibrary.org/obo/HP_0005145	http://purl.obolibrary.org/obo/MP_0003024	1.0
http://purl.obolibrary.org/obo/HP_0000540	http://purl.obolibrary.org/obo/MP_0006153	1.0
http://purl.obolibrary.org/obo/HP_0001942	http://purl.obolibrary.org/obo/MP_0012551	1.0
http://purl.obolibrary.org/obo/HP_0002208	http://purl.obolibrary.org/obo/MP_0002832	1.0
http://purl.obolibrary.org/obo/HP_0100315	http://purl.obolibrary.org/obo/MP_0014065	1.0
http://purl.obolibrary.org/obo/HP_0012524	http://purl.obolibrary.org/obo/MP_0003405	1.0
http://purl.obolibrary.org/obo/HP_0011001	http://purl.obolibrary.org/obo/MP_0000062	1.0
http://purl.obolibrary.org/obo/HP_0005135	http://purl.obolibrary.org/obo/MP_0010505	1.0
http://purl.obolibrary.org/obo/HP_0011974	http://purl.obolibrary.org/obo/MP_0011747	1.0
http://purl.obolibrary.org/obo/HP_0005317	http://purl.obolibrary.org/obo/MP_0003034	1.0
http://purl.obolibrary.org/obo/HP_0001324	http://purl.obolibrary.org/obo/MP_0000747	1.0
http://purl.obolibrary.org/obo/HP_0008070	http://purl.obolibrary.org/obo/MP_0000416	1.0
http://purl.obolibrary.org/obo/HP_0011844	http://purl.obolibrary.org/obo/MP_0009250	1.0
http://purl.obolibrary.org/obo/HP_0001738	http://purl.obolibrary.org/obo/MP_0003335	1.0
http://purl.obolibrary.org/obo/HP_0001903	http://purl.obolibrary.org/obo/MP_0001577	1.0
http://purl.obolibrary.org/obo/HP_0003862	http://purl.obolibrary.org/obo/MP_0004352	1.0
http://purl.obolibrary.org/obo/HP_0001941	http://purl.obolibrary.org/obo/MP_0003031	1.0
http://purl.obolibrary.org/obo/HP_0000860	http://purl.obolibrary.org/obo/MP_0003494	1.0
http://purl.obolibrary.org/obo/HP_0001166	http://purl.obolibrary.org/obo/MP_0006296	1.0
http://purl.obolibrary.org/obo/HP_0012253	http://purl.obolibrary.org/obo/MP_0010942	1.0
http://purl.obolibrary.org/obo/HP_0000176	http://purl.obolibrary.org/obo/MP_0013548	1.0
http://purl.obolibrary.org/obo/HP_0011851	http://purl.obolibrary.org/obo/MP_0005244	1.0
http://purl.obolibrary.org/obo/HP_0000773	http://purl.obolibrary.org/obo/MP_0004672	1.0
http://purl.obolibrary.org/obo/HP_0030010	http://purl.obolibrary.org/obo/MP_0003537	1.0
http://purl.obolibrary.org/obo/HP_0001370	http://purl.obolibrary.org/obo/MP_0003561	1.0
http://purl.obolibrary.org/obo/HP_0001107	http://purl.obolibrary.org/obo/MP_0006159	1.0
http://purl.obolibrary.org/obo/HP_0000023	http://purl.obolibrary.org/obo/MP_0006077	1.0
http://purl.obolibrary.org/obo/HP_0009121	http://purl.obolibrary.org/obo/MP_0002114	1.0
http://purl.obolibrary.org/obo/HP_0002789	http://purl.obolibrary.org/obo/MP_0005426	1.0
http://purl.obolibrary.org/obo/HP_0000969	http://purl.obolibrary.org/obo/MP_0001785	1.0
http://purl.obolibrary.org/obo/HP_0001947	http://purl.obolibrary.org/obo/MP_0000525	1.0
http://purl.obolibrary.org/obo/HP_0005792	http://purl.obolibrary.org/obo/MP_0004351	1.0
http://purl.obolibrary.org/obo/HP_0100629	http://purl.obolibrary.org/obo/MP_0000108	1.0
http://purl.obolibrary.org/obo/HP_0005207	http://purl.obolibrary.org/obo/MP_0003285	1.0
http://purl.obolibrary.org/obo/HP_0000980	http://purl.obolibrary.org/obo/MP_0003717	1.0
http://purl.obolibrary.org/obo/HP_0008163	http://purl.obolibrary.org/obo/MP_0014162	1.0
http://purl.obolibrary.org/obo/HP_0200040	http://purl.obolibrary.org/obo/MP_0003414	1.0
http://purl.obolibrary.org/obo/HP_0410004	http://purl.obolibrary.org/obo/MP_0009890	1.0
http://purl.obolibrary.org/obo/HP_0001386	http://purl.obolibrary.org/obo/MP_0002936	1.0
http://purl.obolibrary.org/obo/HP_0006574	http://purl.obolibrary.org/obo/MP_0010529	1.0
http://purl.obolibrary.org/obo/HP_0011611	http://purl.obolibrary.org/obo/MP_0004157	1.0
http://purl.obolibrary.org/obo/HP_0000902	http://purl.obolibrary.org/obo/MP_0000154	1.0
http://purl.obolibrary.org/obo/HP_0012872	http://purl.obolibrary.org/obo/MP_0002769	1.0
http://purl.obolibrary.org/obo/HP_0011538	http://purl.obolibrary.org/obo/MP_0010431	1.0
http://purl.obolibrary.org/obo/HP_0002110	http://purl.obolibrary.org/obo/MP_0011012	1.0
http://purl.obolibrary.org/obo/HP_0011622	http://purl.obolibrary.org/obo/MP_0010419	1.0
http://purl.obolibrary.org/obo/HP_0004960	http://purl.obolibrary.org/obo/MP_0010521	1.0
http://purl.obolibrary.org/obo/HP_0000618	http://purl.obolibrary.org/obo/MP_0002001	1.0
http://purl.obolibrary.org/obo/HP_0000103	http://purl.obolibrary.org/obo/MP_0001762	1.0
http://purl.obolibrary.org/obo/HP_0011590	http://purl.obolibrary.org/obo/MP_0004159	1.0
http://purl.obolibrary.org/obo/HP_0200023	http://purl.obolibrary.org/obo/MP_0003415	1.0
http://purl.obolibrary.org/obo/HP_0012252	http://purl.obolibrary.org/obo/MP_0002132	1.0
http://purl.obolibrary.org/obo/HP_0030037	http://purl.obolibrary.org/obo/MP_0003584	1.0
http://purl.obolibrary.org/obo/HP_0100577	http://purl.obolibrary.org/obo/MP_0009646	1.0
http://purl.obolibrary.org/obo/HP_0025132	http://purl.obolibrary.org/obo/MP_0003369	1.0
http://purl.obolibrary.org/obo/HP_0002247	http://purl.obolibrary.org/obo/MP_0003272	1.0
http://purl.obolibrary.org/obo/HP_0001663	http://purl.obolibrary.org/obo/MP_0006110	1.0
http://purl.obolibrary.org/obo/HP_0001336	http://purl.obolibrary.org/obo/MP_0000243	1.0
http://purl.obolibrary.org/obo/HP_0012020	http://purl.obolibrary.org/obo/MP_0004158	1.0
http://purl.obolibrary.org/obo/HP_0002754	http://purl.obolibrary.org/obo/MP_0005190	1.0
http://purl.obolibrary.org/obo/HP_0001126	http://purl.obolibrary.org/obo/MP_0005242	1.0
http://purl.obolibrary.org/obo/HP_0010516	http://purl.obolibrary.org/obo/MP_0000708	1.0
http://purl.obolibrary.org/obo/HP_0040314	http://purl.obolibrary.org/obo/MP_0003534	1.0
http://purl.obolibrary.org/obo/HP_0002019	http://purl.obolibrary.org/obo/MP_0003267	1.0
http://purl.obolibrary.org/obo/HP_0003323	http://purl.obolibrary.org/obo/MP_0000748	1.0
http://purl.obolibrary.org/obo/HP_0002835	http://purl.obolibrary.org/obo/MP_0002296	1.0
http://purl.obolibrary.org/obo/HP_0002098	http://purl.obolibrary.org/obo/MP_0001954	1.0
http://purl.obolibrary.org/obo/HP_0000588	http://purl.obolibrary.org/obo/MP_0010717	1.0
http://purl.obolibrary.org/obo/HP_0001561	http://purl.obolibrary.org/obo/MP_0004020	1.0
http://purl.obolibrary.org/obo/HP_0012050	http://purl.obolibrary.org/obo/MP_0011738	1.0
http://purl.obolibrary.org/obo/HP_0006693	http://purl.obolibrary.org/obo/MP_0010535	1.0
http://purl.obolibrary.org/obo/HP_0002592	http://purl.obolibrary.org/obo/MP_0003282	1.0
http://purl.obolibrary.org/obo/HP_0001952	http://purl.obolibrary.org/obo/MP_0005291	1.0
http://purl.obolibrary.org/obo/HP_0100026	http://purl.obolibrary.org/obo/MP_0006093	1.0
http://purl.obolibrary.org/obo/HP_0004961	http://purl.obolibrary.org/obo/MP_0010467	1.0
http://purl.obolibrary.org/obo/HP_0003496	http://purl.obolibrary.org/obo/MP_0002494	1.0
http://purl.obolibrary.org/obo/HP_0001406	http://purl.obolibrary.org/obo/MP_0005415	1.0
http://purl.obolibrary.org/obo/HP_0100792	http://purl.obolibrary.org/obo/MP_0004241	1.0
http://purl.obolibrary.org/obo/HP_0031005	http://purl.obolibrary.org/obo/MP_0005407	1.0
http://purl.obolibrary.org/obo/HP_0000086	http://purl.obolibrary.org/obo/MP_0003600	1.0
http://purl.obolibrary.org/obo/HP_0030968	http://purl.obolibrary.org/obo/MP_0002726	1.0
http://purl.obolibrary.org/obo/HP_0100851	http://purl.obolibrary.org/obo/MP_0002572	1.0
http://purl.obolibrary.org/obo/HP_0005182	http://purl.obolibrary.org/obo/MP_0010527	1.0
http://purl.obolibrary.org/obo/HP_0011643	http://purl.obolibrary.org/obo/MP_0010407	1.0
http://purl.obolibrary.org/obo/HP_0000126	http://purl.obolibrary.org/obo/MP_0000519	1.0
http://purl.obolibrary.org/obo/HP_0001096	http://purl.obolibrary.org/obo/MP_0006194	1.0
http://purl.obolibrary.org/obo/HP_0001647	http://purl.obolibrary.org/obo/MP_0010484	1.0
http://purl.obolibrary.org/obo/HP_0002180	http://purl.obolibrary.org/obo/MP_0002229	1.0
http://purl.obolibrary.org/obo/HP_0012338	http://purl.obolibrary.org/obo/MP_0005450	1.0
http://purl.obolibrary.org/obo/HP_0000218	http://purl.obolibrary.org/obo/MP_0003757	1.0
http://purl.obolibrary.org/obo/HP_0000204	http://purl.obolibrary.org/obo/MP_0005170	1.0
http://purl.obolibrary.org/obo/HP_0000041	http://purl.obolibrary.org/obo/MP_0003555	1.0
http://purl.obolibrary.org/obo/HP_0001700	http://purl.obolibrary.org/obo/MP_0006085	1.0
http://purl.obolibrary.org/obo/HP_0000559	http://purl.obolibrary.org/obo/MP_0001316	1.0
http://purl.obolibrary.org/obo/HP_0011604	http://purl.obolibrary.org/obo/MP_0010455	1.0
http://purl.obolibrary.org/obo/HP_0012416	http://purl.obolibrary.org/obo/MP_0002318	1.0
http://purl.obolibrary.org/obo/HP_0003085	http://purl.obolibrary.org/obo/MP_0000482	1.0
http://purl.obolibrary.org/obo/HP_0000961	http://purl.obolibrary.org/obo/MP_0001575	1.0
http://purl.obolibrary.org/obo/HP_0011800	http://purl.obolibrary.org/obo/MP_0009855	1.0
http://purl.obolibrary.org/obo/HP_0001657	http://purl.obolibrary.org/obo/MP_0003233	1.0
http://purl.obolibrary.org/obo/HP_0100788	http://purl.obolibrary.org/obo/MP_0009553	1.0
http://purl.obolibrary.org/obo/HP_0012873	http://purl.obolibrary.org/obo/MP_0003557	1.0
http://purl.obolibrary.org/obo/HP_0000362	http://purl.obolibrary.org/obo/MP_0004897	1.0
http://purl.obolibrary.org/obo/HP_0002748	http://purl.obolibrary.org/obo/MP_0003116	1.0
http://purl.obolibrary.org/obo/HP_0003198	http://purl.obolibrary.org/obo/MP_0000751	1.0
http://purl.obolibrary.org/obo/HP_0012081	http://purl.obolibrary.org/obo/MP_0008914	1.0
http://purl.obolibrary.org/obo/HP_0001311	http://purl.obolibrary.org/obo/MP_0002272	1.0
http://purl.obolibrary.org/obo/HP_0007359	http://purl.obolibrary.org/obo/MP_0014120	1.0
http://purl.obolibrary.org/obo/HP_0001196	http://purl.obolibrary.org/obo/MP_0012304	1.0
http://purl.obolibrary.org/obo/HP_0002414	http://purl.obolibrary.org/obo/MP_0003054	1.0
http://purl.obolibrary.org/obo/HP_0001332	http://purl.obolibrary.org/obo/MP_0005323	1.0
http://purl.obolibrary.org/obo/HP_0011359	http://purl.obolibrary.org/obo/MP_0014053	1.0
http://purl.obolibrary.org/obo/HP_0012561	http://purl.obolibrary.org/obo/MP_0010596	1.0
http://purl.obolibrary.org/obo/HP_0010775	http://purl.obolibrary.org/obo/MP_0010466	1.0
http://purl.obolibrary.org/obo/HP_0012047	http://purl.obolibrary.org/obo/MP_0008145	1.0
http://purl.obolibrary.org/obo/HP_0001878	http://purl.obolibrary.org/obo/MP_0001585	1.0
http://purl.obolibrary.org/obo/HP_0001051	http://purl.obolibrary.org/obo/MP_0009792	1.0
http://purl.obolibrary.org/obo/HP_0030344	http://purl.obolibrary.org/obo/MP_0002773	1.0
http://purl.obolibrary.org/obo/HP_0000790	http://purl.obolibrary.org/obo/MP_0005161	1.0
http://purl.obolibrary.org/obo/HP_0012384	http://purl.obolibrary.org/obo/MP_0001867	1.0
http://purl.obolibrary.org/obo/HP_0002745	http://purl.obolibrary.org/obo/MP_0003751	1.0
http://purl.obolibrary.org/obo/HP_0012094	http://purl.obolibrary.org/obo/MP_0009106	1.0
http://purl.obolibrary.org/obo/HP_0000612	http://purl.obolibrary.org/obo/MP_0010714	1.0
http://purl.obolibrary.org/obo/HP_0001719	http://purl.obolibrary.org/obo/MP_0000284	1.0
http://purl.obolibrary.org/obo/HP_0000767	http://purl.obolibrary.org/obo/MP_0012514	1.0
http://purl.obolibrary.org/obo/HP_0010701	http://purl.obolibrary.org/obo/MP_0002490	1.0
http://purl.obolibrary.org/obo/HP_0003532	http://purl.obolibrary.org/obo/MP_0020402	1.0
http://purl.obolibrary.org/obo/HP_0012330	http://purl.obolibrary.org/obo/MP_0011403	1.0
http://purl.obolibrary.org/obo/HP_0025461	http://purl.obolibrary.org/obo/MP_0000358	1.0
http://purl.obolibrary.org/obo/HP_0002913	http://purl.obolibrary.org/obo/MP_0006034	1.0
http://purl.obolibrary.org/obo/HP_0030934	http://purl.obolibrary.org/obo/MP_0013492	1.0
http://purl.obolibrary.org/obo/HP_0002605	http://purl.obolibrary.org/obo/MP_0001654	1.0
http://purl.obolibrary.org/obo/HP_0020006	http://purl.obolibrary.org/obo/MP_0010719	1.0
http://purl.obolibrary.org/obo/HP_0000141	http://purl.obolibrary.org/obo/MP_0003376	1.0
http://purl.obolibrary.org/obo/HP_0000589	http://purl.obolibrary.org/obo/MP_0005262	1.0
http://purl.obolibrary.org/obo/HP_0025035	http://purl.obolibrary.org/obo/MP_0002416	1.0
http://purl.obolibrary.org/obo/HP_0001655	http://purl.obolibrary.org/obo/MP_0004225	1.0
http://purl.obolibrary.org/obo/HP_0012087	http://purl.obolibrary.org/obo/MP_0011633	1.0
http://purl.obolibrary.org/obo/HP_0008669	http://purl.obolibrary.org/obo/MP_0001156	1.0
http://purl.obolibrary.org/obo/HP_0011567	http://purl.obolibrary.org/obo/MP_0010408	1.0
http://purl.obolibrary.org/obo/HP_0012368	http://purl.obolibrary.org/obo/MP_0012175	1.0
http://purl.obolibrary.org/obo/HP_0001683	http://purl.obolibrary.org/obo/MP_0011660	1.0
http://purl.obolibrary.org/obo/HP_0100878	http://purl.obolibrary.org/obo/MP_0004906	1.0
http://purl.obolibrary.org/obo/HP_0000822	http://purl.obolibrary.org/obo/MP_0000231	1.0
http://purl.obolibrary.org/obo/HP_0005990	http://purl.obolibrary.org/obo/MP_0003499	1.0
http://purl.obolibrary.org/obo/HP_0001944	http://purl.obolibrary.org/obo/MP_0001429	1.0
http://purl.obolibrary.org/obo/HP_0002570	http://purl.obolibrary.org/obo/MP_0002791	1.0
http://purl.obolibrary.org/obo/HP_0012085	http://purl.obolibrary.org/obo/MP_0011420	1.0
http://purl.obolibrary.org/obo/HP_0000143	http://purl.obolibrary.org/obo/MP_0003320	1.0
http://purl.obolibrary.org/obo/HP_0012373	http://purl.obolibrary.org/obo/MP_0005253	1.0
http://purl.obolibrary.org/obo/HP_0004388	http://purl.obolibrary.org/obo/MP_0003296	1.0
http://purl.obolibrary.org/obo/HP_0000848	http://purl.obolibrary.org/obo/MP_0003352	1.0
http://purl.obolibrary.org/obo/HP_0012875	http://purl.obolibrary.org/obo/MP_0001378	1.0
http://purl.obolibrary.org/obo/HP_0012244	http://purl.obolibrary.org/obo/MP_0002210	1.0
http://purl.obolibrary.org/obo/HP_0000958	http://purl.obolibrary.org/obo/MP_0003853	1.0
http://purl.obolibrary.org/obo/HP_0000573	http://purl.obolibrary.org/obo/MP_0006185	1.0
http://purl.obolibrary.org/obo/HP_0001627	http://purl.obolibrary.org/obo/MP_0000266	1.0
http://purl.obolibrary.org/obo/HP_0003268	http://purl.obolibrary.org/obo/MP_0020401	1.0
http://purl.obolibrary.org/obo/HP_0025426	http://purl.obolibrary.org/obo/MP_0002264	1.0
http://purl.obolibrary.org/obo/HP_0001948	http://purl.obolibrary.org/obo/MP_0003028	1.0
http://purl.obolibrary.org/obo/HP_0030338	http://purl.obolibrary.org/obo/MP_0003361	1.0
http://purl.obolibrary.org/obo/HP_0001397	http://purl.obolibrary.org/obo/MP_0002628	1.0
http://purl.obolibrary.org/obo/HP_0000089	http://purl.obolibrary.org/obo/MP_0003446	1.0
http://purl.obolibrary.org/obo/HP_0003355	http://purl.obolibrary.org/obo/MP_0003311	1.0
http://purl.obolibrary.org/obo/HP_0007430	http://purl.obolibrary.org/obo/MP_0013807	1.0
http://purl.obolibrary.org/obo/HP_0006681	http://purl.obolibrary.org/obo/MP_0010532	1.0
http://purl.obolibrary.org/obo/HP_0004398	http://purl.obolibrary.org/obo/MP_0003301	1.0
http://purl.obolibrary.org/obo/HP_0000522	http://purl.obolibrary.org/obo/MP_0014157	1.0
http://purl.obolibrary.org/obo/HP_0012863	http://purl.obolibrary.org/obo/MP_0006362	1.0
http://purl.obolibrary.org/obo/HP_0030012	http://purl.obolibrary.org/obo/MP_0003699	1.0
http://purl.obolibrary.org/obo/HP_0005214	http://purl.obolibrary.org/obo/MP_0003270	1.0
http://purl.obolibrary.org/obo/HP_0006266	http://purl.obolibrary.org/obo/MP_0004259	1.0
http://purl.obolibrary.org/obo/HP_0001586	http://purl.obolibrary.org/obo/MP_0011829	1.0
http://purl.obolibrary.org/obo/HP_0002006	http://purl.obolibrary.org/obo/MP_0008797	1.0
http://purl.obolibrary.org/obo/HP_0012418	http://purl.obolibrary.org/obo/MP_0012549	1.0
http://purl.obolibrary.org/obo/HP_0011565	http://purl.obolibrary.org/obo/MP_0010406	1.0
http://purl.obolibrary.org/obo/HP_0003159	http://purl.obolibrary.org/obo/MP_0011517	1.0
http://purl.obolibrary.org/obo/HP_0025407	http://purl.obolibrary.org/obo/MP_0011786	1.0
http://purl.obolibrary.org/obo/HP_0030992	http://purl.obolibrary.org/obo/MP_0009143	1.0
http://purl.obolibrary.org/obo/HP_0004823	http://purl.obolibrary.org/obo/MP_0002641	1.0
http://purl.obolibrary.org/obo/HP_0025114	http://purl.obolibrary.org/obo/MP_0009600	1.0
http://purl.obolibrary.org/obo/HP_0011536	http://purl.obolibrary.org/obo/MP_0006061	1.0
http://purl.obolibrary.org/obo/HP_0002249	http://purl.obolibrary.org/obo/MP_0003292	1.0
http://purl.obolibrary.org/obo/HP_0000509	http://purl.obolibrary.org/obo/MP_0001852	1.0
http://purl.obolibrary.org/obo/HP_0040215	http://purl.obolibrary.org/obo/MP_0001560	1.0
http://purl.obolibrary.org/obo/HP_0025023	http://purl.obolibrary.org/obo/MP_0011775	1.0
http://purl.obolibrary.org/obo/HP_0003212	http://purl.obolibrary.org/obo/MP_0002497	1.0
http://purl.obolibrary.org/obo/HP_0030971	http://purl.obolibrary.org/obo/MP_0006062	1.0
http://purl.obolibrary.org/obo/HP_0030347	http://purl.obolibrary.org/obo/MP_0009819	1.0
http://purl.obolibrary.org/obo/HP_0012632	http://purl.obolibrary.org/obo/MP_0005257	1.0
http://purl.obolibrary.org/obo/HP_0012615	http://purl.obolibrary.org/obo/MP_0011421	1.0
http://purl.obolibrary.org/obo/HP_0100318	http://purl.obolibrary.org/obo/MP_0014063	1.0
http://purl.obolibrary.org/obo/HP_0040202	http://purl.obolibrary.org/obo/MP_0002069	1.0
http://purl.obolibrary.org/obo/HP_0002181	http://purl.obolibrary.org/obo/MP_0011854	1.0
http://purl.obolibrary.org/obo/HP_0003865	http://purl.obolibrary.org/obo/MP_0004373	1.0
http://purl.obolibrary.org/obo/HP_0000541	http://purl.obolibrary.org/obo/MP_0003099	1.0
http://purl.obolibrary.org/obo/HP_0100257	http://purl.obolibrary.org/obo/MP_0005230	1.0
http://purl.obolibrary.org/obo/HP_0001894	http://purl.obolibrary.org/obo/MP_0005505	1.0
http://purl.obolibrary.org/obo/HP_0000656	http://purl.obolibrary.org/obo/MP_0006164	1.0
http://purl.obolibrary.org/obo/HP_0000967	http://purl.obolibrary.org/obo/MP_0008816	1.0
http://purl.obolibrary.org/obo/HP_0002023	http://purl.obolibrary.org/obo/MP_0003130	1.0
http://purl.obolibrary.org/obo/HP_0000486	http://purl.obolibrary.org/obo/MP_0005254	1.0
http://purl.obolibrary.org/obo/HP_0002664	http://purl.obolibrary.org/obo/MP_0002006	1.0
http://purl.obolibrary.org/obo/HP_0000325	http://purl.obolibrary.org/obo/MP_0012546	1.0
http://purl.obolibrary.org/obo/HP_0100806	http://purl.obolibrary.org/obo/MP_0005044	1.0
http://purl.obolibrary.org/obo/HP_0000752	http://purl.obolibrary.org/obo/MP_0001399	1.0
http://purl.obolibrary.org/obo/HP_0004445	http://purl.obolibrary.org/obo/MP_0009547	1.0
http://purl.obolibrary.org/obo/HP_0006698	http://purl.obolibrary.org/obo/MP_0010421	1.0
http://purl.obolibrary.org/obo/HP_0001981	http://purl.obolibrary.org/obo/MP_0000314	1.0
http://purl.obolibrary.org/obo/HP_0001089	http://purl.obolibrary.org/obo/MP_0006228	1.0
http://purl.obolibrary.org/obo/HP_0003202	http://purl.obolibrary.org/obo/MP_0009417	1.0
http://purl.obolibrary.org/obo/HP_0030716	http://purl.obolibrary.org/obo/MP_0003104	1.0
http://purl.obolibrary.org/obo/HP_0002251	http://purl.obolibrary.org/obo/MP_0002926	1.0
http://purl.obolibrary.org/obo/HP_0002015	http://purl.obolibrary.org/obo/MP_0003158	1.0
http://purl.obolibrary.org/obo/HP_0011710	http://purl.obolibrary.org/obo/MP_0010636	1.0
http://purl.obolibrary.org/obo/HP_0030760	http://purl.obolibrary.org/obo/MP_0003985	1.0
http://purl.obolibrary.org/obo/HP_0001409	http://purl.obolibrary.org/obo/MP_0003328	1.0
http://purl.obolibrary.org/obo/HP_0000787	http://purl.obolibrary.org/obo/MP_0002708	1.0
http://purl.obolibrary.org/obo/HP_0003074	http://purl.obolibrary.org/obo/MP_0001559	1.0
http://purl.obolibrary.org/obo/HP_0040006	http://purl.obolibrary.org/obo/MP_0010768	1.0
http://purl.obolibrary.org/obo/HP_0009125	http://purl.obolibrary.org/obo/MP_0011174	1.0
http://purl.obolibrary.org/obo/HP_0007268	http://purl.obolibrary.org/obo/MP_0006291	1.0
http://purl.obolibrary.org/obo/HP_0001734	http://purl.obolibrary.org/obo/MP_0006261	1.0
http://purl.obolibrary.org/obo/HP_0100520	http://purl.obolibrary.org/obo/MP_0003620	1.0
http://purl.obolibrary.org/obo/HP_0011500	http://purl.obolibrary.org/obo/MP_0006235	1.0
http://purl.obolibrary.org/obo/HP_0009900	http://purl.obolibrary.org/obo/MP_0004699	1.0
http://purl.obolibrary.org/obo/HP_0030951	http://purl.obolibrary.org/obo/MP_0009419	1.0
http://purl.obolibrary.org/obo/HP_0000011	http://purl.obolibrary.org/obo/MP_0005302	1.0
http://purl.obolibrary.org/obo/HP_0012621	http://purl.obolibrary.org/obo/MP_0003129	1.0
http://purl.obolibrary.org/obo/HP_0040299	http://purl.obolibrary.org/obo/MP_0002702	1.0
http://purl.obolibrary.org/obo/HP_0004401	http://purl.obolibrary.org/obo/MP_0014036	1.0
http://purl.obolibrary.org/obo/HP_0002014	http://purl.obolibrary.org/obo/MP_0005036	1.0
http://purl.obolibrary.org/obo/HP_0000029	http://purl.obolibrary.org/obo/MP_0003205	1.0
http://purl.obolibrary.org/obo/HP_0002763	http://purl.obolibrary.org/obo/MP_0000163	1.0
http://purl.obolibrary.org/obo/HP_0030261	http://purl.obolibrary.org/obo/MP_0011876	1.0
http://purl.obolibrary.org/obo/HP_0002248	http://purl.obolibrary.org/obo/MP_0003261	1.0
http://purl.obolibrary.org/obo/HP_0001923	http://purl.obolibrary.org/obo/MP_0002640	1.0
http://purl.obolibrary.org/obo/HP_0001899	http://purl.obolibrary.org/obo/MP_0002608	1.0
http://purl.obolibrary.org/obo/HP_0000528	http://purl.obolibrary.org/obo/MP_0001293	1.0
http://purl.obolibrary.org/obo/HP_0030855	http://purl.obolibrary.org/obo/MP_0008815	1.0
http://purl.obolibrary.org/obo/HP_0002107	http://purl.obolibrary.org/obo/MP_0010822	1.0
http://purl.obolibrary.org/obo/HP_0004447	http://purl.obolibrary.org/obo/MP_0002643	1.0
http://purl.obolibrary.org/obo/HP_0000405	http://purl.obolibrary.org/obo/MP_0006326	1.0
http://purl.obolibrary.org/obo/HP_0003271	http://purl.obolibrary.org/obo/MP_0013328	1.0
http://purl.obolibrary.org/obo/HP_0001896	http://purl.obolibrary.org/obo/MP_0008941	1.0
http://purl.obolibrary.org/obo/HP_0011499	http://purl.obolibrary.org/obo/MP_0002546	1.0
http://purl.obolibrary.org/obo/HP_0030146	http://purl.obolibrary.org/obo/MP_0008986	1.0
http://purl.obolibrary.org/obo/HP_0005102	http://purl.obolibrary.org/obo/MP_0000032	1.0
http://purl.obolibrary.org/obo/HP_0002758	http://purl.obolibrary.org/obo/MP_0003560	1.0
http://purl.obolibrary.org/obo/HP_0005736	http://purl.obolibrary.org/obo/MP_0002764	1.0
http://purl.obolibrary.org/obo/HP_0410003	http://purl.obolibrary.org/obo/MP_0009893	1.0
http://purl.obolibrary.org/obo/HP_0030011	http://purl.obolibrary.org/obo/MP_0003540	1.0
http://purl.obolibrary.org/obo/HP_0002020	http://purl.obolibrary.org/obo/MP_0003286	1.0
http://purl.obolibrary.org/obo/HP_0001704	http://purl.obolibrary.org/obo/MP_0006125	1.0
http://purl.obolibrary.org/obo/HP_0011467	http://purl.obolibrary.org/obo/MP_0003250	1.0
http://purl.obolibrary.org/obo/HP_0002446	http://purl.obolibrary.org/obo/MP_0003354	1.0
http://purl.obolibrary.org/obo/HP_0000278	http://purl.obolibrary.org/obo/MP_0004282	1.0
http://purl.obolibrary.org/obo/HP_0011819	http://purl.obolibrary.org/obo/MP_0013547	1.0
http://purl.obolibrary.org/obo/HP_0000483	http://purl.obolibrary.org/obo/MP_0006151	1.0
http://purl.obolibrary.org/obo/HP_0000979	http://purl.obolibrary.org/obo/MP_0011515	1.0
http://purl.obolibrary.org/obo/HP_0000105	http://purl.obolibrary.org/obo/MP_0003068	1.0
http://purl.obolibrary.org/obo/HP_0002613	http://purl.obolibrary.org/obo/MP_0003256	1.0
http://purl.obolibrary.org/obo/HP_0030895	http://purl.obolibrary.org/obo/MP_0011082	1.0
http://purl.obolibrary.org/obo/HP_0011612	http://purl.obolibrary.org/obo/MP_0011658	1.0
http://purl.obolibrary.org/obo/HP_0008683	http://purl.obolibrary.org/obo/MP_0003522	1.0
http://purl.obolibrary.org/obo/HP_0004099	http://purl.obolibrary.org/obo/MP_0013149	1.0
http://purl.obolibrary.org/obo/HP_0002104	http://purl.obolibrary.org/obo/MP_0001957	1.0
http://purl.obolibrary.org/obo/HP_0002021	http://purl.obolibrary.org/obo/MP_0003307	1.0
http://purl.obolibrary.org/obo/HP_0410035	http://purl.obolibrary.org/obo/MP_0001828	1.0
http://purl.obolibrary.org/obo/HP_0002013	http://purl.obolibrary.org/obo/MP_0003260	1.0
http://purl.obolibrary.org/obo/HP_0002067	http://purl.obolibrary.org/obo/MP_0005156	1.0
http://purl.obolibrary.org/obo/HP_0100532	http://purl.obolibrary.org/obo/MP_0013479	1.0
http://purl.obolibrary.org/obo/HP_0012535	http://purl.obolibrary.org/obo/MP_0003635	1.0
http://purl.obolibrary.org/obo/HP_0003988	http://purl.obolibrary.org/obo/MP_0004370	1.0
http://purl.obolibrary.org/obo/HP_0011991	http://purl.obolibrary.org/obo/MP_0012440	1.0
http://purl.obolibrary.org/obo/HP_0002170	http://purl.obolibrary.org/obo/MP_0001915	1.0
http://purl.obolibrary.org/obo/HP_0002576	http://purl.obolibrary.org/obo/MP_0003294	1.0
http://purl.obolibrary.org/obo/HP_0003974	http://purl.obolibrary.org/obo/MP_0000553	1.0
http://purl.obolibrary.org/obo/HP_0000657	http://purl.obolibrary.org/obo/MP_0006224	1.0
http://purl.obolibrary.org/obo/HP_0000410	http://purl.obolibrary.org/obo/MP_0006327	1.0
http://purl.obolibrary.org/obo/HP_0011862	http://purl.obolibrary.org/obo/MP_0011642	1.0
http://purl.obolibrary.org/obo/HP_0012281	http://purl.obolibrary.org/obo/MP_0012080	1.0
http://purl.obolibrary.org/obo/HP_0010442	http://purl.obolibrary.org/obo/MP_0000562	1.0
http://purl.obolibrary.org/obo/HP_0002171	http://purl.obolibrary.org/obo/MP_0002183	1.0
http://purl.obolibrary.org/obo/HP_0012592	http://purl.obolibrary.org/obo/MP_0002871	1.0
http://purl.obolibrary.org/obo/HP_0000883	http://purl.obolibrary.org/obo/MP_0004674	1.0
http://purl.obolibrary.org/obo/HP_0000347	http://purl.obolibrary.org/obo/MP_0002639	1.0
http://purl.obolibrary.org/obo/HP_0002304	http://purl.obolibrary.org/obo/MP_0002690	1.0
http://purl.obolibrary.org/obo/HP_0002097	http://purl.obolibrary.org/obo/MP_0001958	1.0
http://purl.obolibrary.org/obo/HP_0100852	http://purl.obolibrary.org/obo/MP_0002065	1.0
http://purl.obolibrary.org/obo/HP_0001138	http://purl.obolibrary.org/obo/MP_0006222	1.0
http://purl.obolibrary.org/obo/HP_0012068	http://purl.obolibrary.org/obo/MP_0011516	1.0
http://purl.obolibrary.org/obo/HP_0040012	http://purl.obolibrary.org/obo/MP_0004028	1.0
http://purl.obolibrary.org/obo/HP_0012490	http://purl.obolibrary.org/obo/MP_0011164	1.0
http://purl.obolibrary.org/obo/HP_0001250	http://purl.obolibrary.org/obo/MP_0002064	1.0
http://purl.obolibrary.org/obo/HP_0012249	http://purl.obolibrary.org/obo/MP_0003897	1.0
http://purl.obolibrary.org/obo/HP_0025082	http://purl.obolibrary.org/obo/MP_0008418	1.0
http://purl.obolibrary.org/obo/HP_0000609	http://purl.obolibrary.org/obo/MP_0006221	1.0
http://purl.obolibrary.org/obo/HP_0000966	http://purl.obolibrary.org/obo/MP_0013371	1.0
http://purl.obolibrary.org/obo/HP_0001824	http://purl.obolibrary.org/obo/MP_0001263	1.0
http://purl.obolibrary.org/obo/HP_0002121	http://purl.obolibrary.org/obo/MP_0003216	1.0
http://purl.obolibrary.org/obo/HP_0001360	http://purl.obolibrary.org/obo/MP_0005157	1.0
http://purl.obolibrary.org/obo/HP_0011106	http://purl.obolibrary.org/obo/MP_0010128	1.0
http://purl.obolibrary.org/obo/HP_0006548	http://purl.obolibrary.org/obo/MP_0010480	1.0
http://purl.obolibrary.org/obo/HP_0001142	http://purl.obolibrary.org/obo/MP_0002794	1.0
http://purl.obolibrary.org/obo/HP_0012440	http://purl.obolibrary.org/obo/MP_0005083	1.0
http://purl.obolibrary.org/obo/HP_0005972	http://purl.obolibrary.org/obo/MP_0012550	1.0
http://purl.obolibrary.org/obo/HP_0100258	http://purl.obolibrary.org/obo/MP_0009743	1.0
http://purl.obolibrary.org/obo/HP_0011599	http://purl.obolibrary.org/obo/MP_0000650	1.0
http://purl.obolibrary.org/obo/HP_0003251	http://purl.obolibrary.org/obo/MP_0001925	1.0
http://purl.obolibrary.org/obo/HP_0100259	http://purl.obolibrary.org/obo/MP_0009744	1.0
http://purl.obolibrary.org/obo/HP_0002373	http://purl.obolibrary.org/obo/MP_0012011	1.0
http://purl.obolibrary.org/obo/HP_0000072	http://purl.obolibrary.org/obo/MP_0000536	1.0
http://purl.obolibrary.org/obo/HP_0010297	http://purl.obolibrary.org/obo/MP_0009909	1.0
http://purl.obolibrary.org/obo/HP_0011875	http://purl.obolibrary.org/obo/MP_0004720	1.0
http://purl.obolibrary.org/obo/HP_0030050	http://purl.obolibrary.org/obo/MP_0005279	1.0
http://purl.obolibrary.org/obo/HP_0012450	http://purl.obolibrary.org/obo/MP_0003268	1.0
http://purl.obolibrary.org/obo/HP_0001650	http://purl.obolibrary.org/obo/MP_0006117	1.0
http://purl.obolibrary.org/obo/HP_0012437	http://purl.obolibrary.org/obo/MP_0005084	1.0
http://purl.obolibrary.org/obo/HP_0004324	http://purl.obolibrary.org/obo/MP_0001260	1.0
http://purl.obolibrary.org/obo/HP_0004942	http://purl.obolibrary.org/obo/MP_0006278	1.0
http://purl.obolibrary.org/obo/HP_0001651	http://purl.obolibrary.org/obo/MP_0000644	1.0
http://purl.obolibrary.org/obo/HP_0011105	http://purl.obolibrary.org/obo/MP_0010127	1.0
http://purl.obolibrary.org/obo/HP_0003765	http://purl.obolibrary.org/obo/MP_0001193	1.0
http://purl.obolibrary.org/obo/HP_0005473	http://purl.obolibrary.org/obo/MP_0003740	1.0
http://purl.obolibrary.org/obo/HP_0007732	http://purl.obolibrary.org/obo/MP_0014151	1.0
http://purl.obolibrary.org/obo/HP_0001097	http://purl.obolibrary.org/obo/MP_0013466	1.0
http://purl.obolibrary.org/obo/HP_0002650	http://purl.obolibrary.org/obo/MP_0000161	1.0
http://purl.obolibrary.org/obo/HP_0005938	http://purl.obolibrary.org/obo/MP_0011050	1.0
http://purl.obolibrary.org/obo/HP_0000952	http://purl.obolibrary.org/obo/MP_0000611	1.0
http://purl.obolibrary.org/obo/HP_0025201	http://purl.obolibrary.org/obo/MP_0010331	1.0
http://purl.obolibrary.org/obo/HP_0000613	http://purl.obolibrary.org/obo/MP_0013787	1.0
http://purl.obolibrary.org/obo/HP_0012648	http://purl.obolibrary.org/obo/MP_0001876	1.0
http://purl.obolibrary.org/obo/HP_0100598	http://purl.obolibrary.org/obo/MP_0003828	1.0
http://purl.obolibrary.org/obo/HP_0025423	http://purl.obolibrary.org/obo/MP_0002249	1.0
http://purl.obolibrary.org/obo/HP_0012248	http://purl.obolibrary.org/obo/MP_0003896	1.0
http://purl.obolibrary.org/obo/HP_0004415	http://purl.obolibrary.org/obo/MP_0010457	1.0
http://purl.obolibrary.org/obo/HP_0002591	http://purl.obolibrary.org/obo/MP_0001433	1.0
http://purl.obolibrary.org/obo/HP_0004444	http://purl.obolibrary.org/obo/MP_0002812	1.0
http://purl.obolibrary.org/obo/HP_0000970	http://purl.obolibrary.org/obo/MP_0013370	1.0
http://purl.obolibrary.org/obo/HP_0000020	http://purl.obolibrary.org/obo/MP_0003280	1.0
http://purl.obolibrary.org/obo/HP_0030850	http://purl.obolibrary.org/obo/MP_0003882	1.0
http://purl.obolibrary.org/obo/HP_0002561	http://purl.obolibrary.org/obo/MP_0009733	1.0
http://purl.obolibrary.org/obo/HP_0100750	http://purl.obolibrary.org/obo/MP_0001177	1.0
http://purl.obolibrary.org/obo/HP_0001635	http://purl.obolibrary.org/obo/MP_0006138	1.0
http://purl.obolibrary.org/obo/HP_0012285	http://purl.obolibrary.org/obo/MP_0005645	1.0
http://purl.obolibrary.org/obo/HP_0100565	http://purl.obolibrary.org/obo/MP_0003086	1.0
http://purl.obolibrary.org/obo/HP_0040162	http://purl.obolibrary.org/obo/MP_0009675	1.0
http://purl.obolibrary.org/obo/HP_0001678	http://purl.obolibrary.org/obo/MP_0010519	1.0
http://purl.obolibrary.org/obo/HP_0000545	http://purl.obolibrary.org/obo/MP_0003100	1.0
http://purl.obolibrary.org/obo/HP_0010883	http://purl.obolibrary.org/obo/MP_0006115	1.0
http://purl.obolibrary.org/obo/HP_0001257	http://purl.obolibrary.org/obo/MP_0012051	1.0
http://purl.obolibrary.org/obo/HP_0012232	http://purl.obolibrary.org/obo/MP_0003900	1.0
http://purl.obolibrary.org/obo/HP_0011742	http://purl.obolibrary.org/obo/MP_0011362	1.0
http://purl.obolibrary.org/obo/HP_0012261	http://purl.obolibrary.org/obo/MP_0011055	1.0
http://purl.obolibrary.org/obo/HP_0000662	http://purl.obolibrary.org/obo/MP_0008144	1.0
http://purl.obolibrary.org/obo/HP_0012286	http://purl.obolibrary.org/obo/MP_0000837	1.0
http://purl.obolibrary.org/obo/HP_0025084	http://purl.obolibrary.org/obo/MP_0000376	1.0
http://purl.obolibrary.org/obo/HP_0011995	http://purl.obolibrary.org/obo/MP_0010450	1.0
http://purl.obolibrary.org/obo/HP_0000586	http://purl.obolibrary.org/obo/MP_0006213	1.0
http://purl.obolibrary.org/obo/HP_0012874	http://purl.obolibrary.org/obo/MP_0003698	1.0
http://purl.obolibrary.org/obo/HP_0002239	http://purl.obolibrary.org/obo/MP_0000465	1.0
http://purl.obolibrary.org/obo/HP_0012862	http://purl.obolibrary.org/obo/MP_0002208	1.0
http://purl.obolibrary.org/obo/HP_0002435	http://purl.obolibrary.org/obo/MP_0012259	1.0
http://purl.obolibrary.org/obo/HP_0100588	http://purl.obolibrary.org/obo/MP_0010033	1.0
http://purl.obolibrary.org/obo/HP_0000647	http://purl.obolibrary.org/obo/MP_0012121	1.0
http://purl.obolibrary.org/obo/HP_0003351	http://purl.obolibrary.org/obo/MP_0003353	1.0
http://purl.obolibrary.org/obo/HP_0100738	http://purl.obolibrary.org/obo/MP_0001431	1.0
http://purl.obolibrary.org/obo/HP_0001083	http://purl.obolibrary.org/obo/MP_0005263	1.0
http://purl.obolibrary.org/obo/HP_0004871	http://purl.obolibrary.org/obo/MP_0003316	1.0
http://purl.obolibrary.org/obo/HP_0000568	http://purl.obolibrary.org/obo/MP_0001297	1.0
http://purl.obolibrary.org/obo/HP_0000554	http://purl.obolibrary.org/obo/MP_0005515	1.0
http://purl.obolibrary.org/obo/HP_0001688	http://purl.obolibrary.org/obo/MP_0010637	1.0
http://purl.obolibrary.org/obo/HP_0008465	http://purl.obolibrary.org/obo/MP_0000138	1.0
http://purl.obolibrary.org/obo/HP_0000667	http://purl.obolibrary.org/obo/MP_0006249	1.0
http://purl.obolibrary.org/obo/HP_0001931	http://purl.obolibrary.org/obo/MP_0008387	1.0
http://purl.obolibrary.org/obo/HP_0010310	http://purl.obolibrary.org/obo/MP_0003660	1.0
http://purl.obolibrary.org/obo/HP_0012386	http://purl.obolibrary.org/obo/MP_0009001	1.0
http://purl.obolibrary.org/obo/HP_0000470	http://purl.obolibrary.org/obo/MP_0012721	1.0
http://purl.obolibrary.org/obo/HP_0002179	http://purl.obolibrary.org/obo/MP_0002880	1.0
http://purl.obolibrary.org/obo/HP_0100518	http://purl.obolibrary.org/obo/MP_0003621	1.0
http://purl.obolibrary.org/obo/HP_0002028	http://purl.obolibrary.org/obo/MP_0001665	1.0
http://purl.obolibrary.org/obo/HP_0030882	http://purl.obolibrary.org/obo/MP_0010477	1.0
http://purl.obolibrary.org/obo/HP_0003137	http://purl.obolibrary.org/obo/MP_0020404	1.0
http://purl.obolibrary.org/obo/HP_0011456	http://purl.obolibrary.org/obo/MP_0004204	1.0
http://purl.obolibrary.org/obo/HP_0002450	http://purl.obolibrary.org/obo/MP_0000937	1.0
http://purl.obolibrary.org/obo/HP_0025066	http://purl.obolibrary.org/obo/MP_0002591	1.0
http://purl.obolibrary.org/obo/HP_0000407	http://purl.obolibrary.org/obo/MP_0006329	1.0
http://purl.obolibrary.org/obo/HP_0000099	http://purl.obolibrary.org/obo/MP_0002743	1.0
http://purl.obolibrary.org/obo/HP_0001537	http://purl.obolibrary.org/obo/MP_0010146	1.0
http://purl.obolibrary.org/obo/HP_0030084	http://purl.obolibrary.org/obo/MP_0006253	1.0
http://purl.obolibrary.org/obo/HP_0000096	http://purl.obolibrary.org/obo/MP_0005264	1.0
http://purl.obolibrary.org/obo/HP_0010447	http://purl.obolibrary.org/obo/MP_0003319	1.0
http://purl.obolibrary.org/obo/HP_0000879	http://purl.obolibrary.org/obo/MP_0004321	1.0
http://purl.obolibrary.org/obo/HP_0025074	http://purl.obolibrary.org/obo/MP_0003898	1.0
http://purl.obolibrary.org/obo/HP_0012806	http://purl.obolibrary.org/obo/MP_0006290	1.0
http://purl.obolibrary.org/obo/HP_0003687	http://purl.obolibrary.org/obo/MP_0009404	1.0
http://purl.obolibrary.org/obo/HP_0000658	http://purl.obolibrary.org/obo/MP_0006251	1.0
http://purl.obolibrary.org/obo/HP_0001396	http://purl.obolibrary.org/obo/MP_0000610	1.0
http://purl.obolibrary.org/obo/HP_0001696	http://purl.obolibrary.org/obo/MP_0011252	1.0
http://purl.obolibrary.org/obo/HP_0001596	http://purl.obolibrary.org/obo/MP_0000414	1.0
http://purl.obolibrary.org/obo/HP_0001629	http://purl.obolibrary.org/obo/MP_0010402	1.0
http://purl.obolibrary.org/obo/HP_0430007	http://purl.obolibrary.org/obo/MP_0013393	1.0
http://purl.obolibrary.org/obo/HP_0002948	http://purl.obolibrary.org/obo/MP_0004609	1.0
http://purl.obolibrary.org/obo/HP_0030791	http://purl.obolibrary.org/obo/MP_0000454	1.0
http://purl.obolibrary.org/obo/HP_0040075	http://purl.obolibrary.org/obo/MP_0003348	1.0
http://purl.obolibrary.org/obo/HP_0002206	http://purl.obolibrary.org/obo/MP_0006050	1.0
http://purl.obolibrary.org/obo/HP_0030769	http://purl.obolibrary.org/obo/MP_0000914	1.0
http://purl.obolibrary.org/obo/HP_0000546	http://purl.obolibrary.org/obo/MP_0001326	1.0
http://purl.obolibrary.org/obo/HP_0011034	http://purl.obolibrary.org/obo/MP_0000604	1.0
http://purl.obolibrary.org/obo/HP_0003131	http://purl.obolibrary.org/obo/MP_0020400	1.0
http://purl.obolibrary.org/obo/HP_0000557	http://purl.obolibrary.org/obo/MP_0009274	1.0
http://purl.obolibrary.org/obo/HP_0001634	http://purl.obolibrary.org/obo/MP_0006120	1.0
http://purl.obolibrary.org/obo/HP_0008034	http://purl.obolibrary.org/obo/MP_0005102	1.0
http://purl.obolibrary.org/obo/HP_0002633	http://purl.obolibrary.org/obo/MP_0001864	1.0
http://purl.obolibrary.org/obo/HP_0003712	http://purl.obolibrary.org/obo/MP_0009461	1.0
http://purl.obolibrary.org/obo/HP_0012757	http://purl.obolibrary.org/obo/MP_0002882	1.0
http://purl.obolibrary.org/obo/HP_0025408	http://purl.obolibrary.org/obo/MP_0000689	1.0
http://purl.obolibrary.org/obo/HP_0030781	http://purl.obolibrary.org/obo/MP_0001554	1.0
http://purl.obolibrary.org/obo/HP_0030339	http://purl.obolibrary.org/obo/MP_0003363	1.0
http://purl.obolibrary.org/obo/HP_0002457	http://purl.obolibrary.org/obo/MP_0000436	1.0
http://purl.obolibrary.org/obo/HP_0001036	http://purl.obolibrary.org/obo/MP_0003427	1.0
http://purl.obolibrary.org/obo/HP_0003396	http://purl.obolibrary.org/obo/MP_0012545	1.0
http://purl.obolibrary.org/obo/HP_0001159	http://purl.obolibrary.org/obo/MP_0000564	1.0
http://purl.obolibrary.org/obo/HP_0002035	http://purl.obolibrary.org/obo/MP_0000493	1.0
http://purl.obolibrary.org/obo/HP_0001019	http://purl.obolibrary.org/obo/MP_0003454	1.0
http://purl.obolibrary.org/obo/HP_0002025	http://purl.obolibrary.org/obo/MP_0009052	1.0
http://purl.obolibrary.org/obo/HP_0004484	http://purl.obolibrary.org/obo/MP_0008863	1.0
http://purl.obolibrary.org/obo/HP_0012417	http://purl.obolibrary.org/obo/MP_0003032	1.0
http://purl.obolibrary.org/obo/HP_0002202	http://purl.obolibrary.org/obo/MP_0010334	1.0
http://purl.obolibrary.org/obo/HP_0000037	http://purl.obolibrary.org/obo/MP_0002789	1.0
http://purl.obolibrary.org/obo/HP_0000579	http://purl.obolibrary.org/obo/MP_0013451	1.0
http://purl.obolibrary.org/obo/HP_0002714	http://purl.obolibrary.org/obo/MP_0003749	1.0
http://purl.obolibrary.org/obo/HP_0011588	http://purl.obolibrary.org/obo/MP_0004161	1.0
http://purl.obolibrary.org/obo/HP_0000465	http://purl.obolibrary.org/obo/MP_0012077	1.0
http://purl.obolibrary.org/obo/HP_0011623	http://purl.obolibrary.org/obo/MP_0010420	1.0
http://purl.obolibrary.org/obo/HP_0001789	http://purl.obolibrary.org/obo/MP_0002192	1.0
http://purl.obolibrary.org/obo/HP_0030082	http://purl.obolibrary.org/obo/MP_0001422	1.0
http://purl.obolibrary.org/obo/HP_0000621	http://purl.obolibrary.org/obo/MP_0006165	1.0
http://purl.obolibrary.org/obo/HP_0001643	http://purl.obolibrary.org/obo/MP_0003139	1.0
http://purl.obolibrary.org/obo/HP_0000537	http://purl.obolibrary.org/obo/MP_0006168	1.0
http://purl.obolibrary.org/obo/HP_0002089	http://purl.obolibrary.org/obo/MP_0001178	1.0
http://purl.obolibrary.org/obo/HP_0009776	http://purl.obolibrary.org/obo/MP_0000561	1.0
http://purl.obolibrary.org/obo/HP_0012543	http://purl.obolibrary.org/obo/MP_0000327	1.0
http://purl.obolibrary.org/obo/HP_0003464	http://purl.obolibrary.org/obo/MP_0005278	1.0
http://purl.obolibrary.org/obo/HP_0030402	http://purl.obolibrary.org/obo/MP_0009548	1.0
http://purl.obolibrary.org/obo/HP_0100261	http://purl.obolibrary.org/obo/MP_0005503	1.0
http://purl.obolibrary.org/obo/HP_0001943	http://purl.obolibrary.org/obo/MP_0000189	1.0
http://purl.obolibrary.org/obo/HP_0001310	http://purl.obolibrary.org/obo/MP_0003314	1.0
http://purl.obolibrary.org/obo/HP_0000962	http://purl.obolibrary.org/obo/MP_0001242	1.0
http://purl.obolibrary.org/obo/HP_0012332	http://purl.obolibrary.org/obo/MP_0006276	1.0
http://purl.obolibrary.org/obo/HP_0003761	http://purl.obolibrary.org/obo/MP_0003195	1.0
http://purl.obolibrary.org/obo/HP_0001701	http://purl.obolibrary.org/obo/MP_0001857	1.0
http://purl.obolibrary.org/obo/HP_0002878	http://purl.obolibrary.org/obo/MP_0001953	1.0
http://purl.obolibrary.org/obo/HP_0031095	http://purl.obolibrary.org/obo/MP_0005296	1.0
http://purl.obolibrary.org/obo/HP_0011849	http://purl.obolibrary.org/obo/MP_0008271	1.0
http://purl.obolibrary.org/obo/HP_0004446	http://purl.obolibrary.org/obo/MP_0010074	1.0
http://purl.obolibrary.org/obo/HP_0012072	http://purl.obolibrary.org/obo/MP_0010028	1.0
http://purl.obolibrary.org/obo/HP_0100614	http://purl.obolibrary.org/obo/MP_0004510	1.0
http://purl.obolibrary.org/obo/HP_0002617	http://purl.obolibrary.org/obo/MP_0003279	1.0
http://purl.obolibrary.org/obo/HP_0004971	http://purl.obolibrary.org/obo/MP_0010460	1.0
http://purl.obolibrary.org/obo/HP_0030770	http://purl.obolibrary.org/obo/MP_0008784	1.0
http://purl.obolibrary.org/obo/HP_0000048	http://purl.obolibrary.org/obo/MP_0003612	1.0
http://purl.obolibrary.org/obo/HP_0100523	http://purl.obolibrary.org/obo/MP_0003332	1.0
http://purl.obolibrary.org/obo/HP_0011613	http://purl.obolibrary.org/obo/MP_0011659	1.0
http://purl.obolibrary.org/obo/HP_0001562	http://purl.obolibrary.org/obo/MP_0012171	1.0
http://purl.obolibrary.org/obo/HP_0012385	http://purl.obolibrary.org/obo/MP_0003807	1.0
http://purl.obolibrary.org/obo/HP_0007082	http://purl.obolibrary.org/obo/MP_0000827	1.0
http://purl.obolibrary.org/obo/HP_0000597	http://purl.obolibrary.org/obo/MP_0003688	1.0
http://purl.obolibrary.org/obo/HP_0003218	http://purl.obolibrary.org/obo/MP_0011765	1.0
http://purl.obolibrary.org/obo/HP_0001876	http://purl.obolibrary.org/obo/MP_0005152	1.0
http://purl.obolibrary.org/obo/HP_0001747	http://purl.obolibrary.org/obo/MP_0003342	1.0
http://purl.obolibrary.org/obo/HP_0002647	http://purl.obolibrary.org/obo/MP_0004044	1.0
http://purl.obolibrary.org/obo/HP_0030666	http://purl.obolibrary.org/obo/MP_0008852	1.0
http://purl.obolibrary.org/obo/HP_0025409	http://purl.obolibrary.org/obo/MP_0008737	1.0
http://purl.obolibrary.org/obo/HP_0030686	http://purl.obolibrary.org/obo/MP_0004892	1.0
http://purl.obolibrary.org/obo/HP_0045083	http://purl.obolibrary.org/obo/MP_0006087	1.0
http://purl.obolibrary.org/obo/HP_0012649	http://purl.obolibrary.org/obo/MP_0001846	1.0
http://purl.obolibrary.org/obo/HP_0004404	http://purl.obolibrary.org/obo/MP_0006078	1.0
http://purl.obolibrary.org/obo/HP_0005110	http://purl.obolibrary.org/obo/MP_0008543	1.0
http://purl.obolibrary.org/obo/HP_0002408	http://purl.obolibrary.org/obo/MP_0010530	1.0
http://purl.obolibrary.org/obo/HP_0002883	http://purl.obolibrary.org/obo/MP_0002320	1.0
http://purl.obolibrary.org/obo/HP_0010280	http://purl.obolibrary.org/obo/MP_0003746	1.0
http://purl.obolibrary.org/obo/HP_0002779	http://purl.obolibrary.org/obo/MP_0013753	1.0
http://purl.obolibrary.org/obo/HP_0012238	http://purl.obolibrary.org/obo/MP_0009699	1.0
http://purl.obolibrary.org/obo/HP_0004857	http://purl.obolibrary.org/obo/MP_0008945	1.0
http://purl.obolibrary.org/obo/HP_0031196	http://purl.obolibrary.org/obo/MP_0004057	1.0
http://purl.obolibrary.org/obo/HP_0009892	http://purl.obolibrary.org/obo/MP_0003142	1.0
http://purl.obolibrary.org/obo/HP_0100316	http://purl.obolibrary.org/obo/MP_0014067	1.0
http://purl.obolibrary.org/obo/HP_0007807	http://purl.obolibrary.org/obo/MP_0006220	1.0
http://purl.obolibrary.org/obo/HP_0030334	http://purl.obolibrary.org/obo/MP_0008397	1.0
http://purl.obolibrary.org/obo/HP_0000524	http://purl.obolibrary.org/obo/MP_0006193	1.0
http://purl.obolibrary.org/obo/HP_0031105	http://purl.obolibrary.org/obo/MP_0001120	1.0
http://purl.obolibrary.org/obo/HP_0012379	http://purl.obolibrary.org/obo/MP_0005584	1.0
http://purl.obolibrary.org/obo/HP_0000125	http://purl.obolibrary.org/obo/MP_0011361	1.0
http://purl.obolibrary.org/obo/HP_0030746	http://purl.obolibrary.org/obo/MP_0001917	1.0
http://purl.obolibrary.org/obo/HP_0000074	http://purl.obolibrary.org/obo/MP_0011491	1.0
http://purl.obolibrary.org/obo/HP_0001935	http://purl.obolibrary.org/obo/MP_0002810	1.0
http://purl.obolibrary.org/obo/HP_0010479	http://purl.obolibrary.org/obo/MP_0011852	1.0
http://purl.obolibrary.org/obo/HP_0012372	http://purl.obolibrary.org/obo/MP_0002092	1.0
http://purl.obolibrary.org/obo/HP_0011970	http://purl.obolibrary.org/obo/MP_0004254	1.0
http://purl.obolibrary.org/obo/HP_0000136	http://purl.obolibrary.org/obo/MP_0003559	1.0
http://purl.obolibrary.org/obo/HP_0003237	http://purl.obolibrary.org/obo/MP_0002493	1.0
http://purl.obolibrary.org/obo/HP_0000121	http://purl.obolibrary.org/obo/MP_0003197	1.0
http://purl.obolibrary.org/obo/HP_0001408	http://purl.obolibrary.org/obo/MP_0003255	1.0
http://purl.obolibrary.org/obo/HP_0010497	http://purl.obolibrary.org/obo/MP_0003445	1.0
http://purl.obolibrary.org/obo/HP_0001369	http://purl.obolibrary.org/obo/MP_0002993	1.0
http://purl.obolibrary.org/obo/HP_0030999	http://purl.obolibrary.org/obo/MP_0006089	1.0
http://purl.obolibrary.org/obo/HP_0010514	http://purl.obolibrary.org/obo/MP_0003347	1.0
http://purl.obolibrary.org/obo/HP_0000975	http://purl.obolibrary.org/obo/MP_0013372	1.0
http://purl.obolibrary.org/obo/HP_0004325	http://purl.obolibrary.org/obo/MP_0001262	1.0
http://purl.obolibrary.org/obo/HP_0012438	http://purl.obolibrary.org/obo/MP_0005085	1.0
http://purl.obolibrary.org/obo/HP_0000175	http://purl.obolibrary.org/obo/MP_0000111	1.0
http://purl.obolibrary.org/obo/HP_0008897	http://purl.obolibrary.org/obo/MP_0001732	1.0
http://purl.obolibrary.org/obo/HP_0002299	http://purl.obolibrary.org/obo/MP_0003848	1.0
http://purl.obolibrary.org/obo/HP_0002791	http://purl.obolibrary.org/obo/MP_0002321	1.0
http://purl.obolibrary.org/obo/HP_0012647	http://purl.obolibrary.org/obo/MP_0001845	1.0
http://purl.obolibrary.org/obo/HP_0012819	http://purl.obolibrary.org/obo/MP_0001856	1.0
http://purl.obolibrary.org/obo/HP_0000189	http://purl.obolibrary.org/obo/MP_0003758	1.0
http://purl.obolibrary.org/obo/HP_0012506	http://purl.obolibrary.org/obo/MP_0005361	1.0
http://purl.obolibrary.org/obo/HP_0000602	http://purl.obolibrary.org/obo/MP_0003689	1.0
http://purl.obolibrary.org/obo/HP_0002629	http://purl.obolibrary.org/obo/MP_0010531	1.0
http://purl.obolibrary.org/obo/HP_0001927	http://purl.obolibrary.org/obo/MP_0010177	1.0
http://purl.obolibrary.org/obo/HP_0008707	http://purl.obolibrary.org/obo/MP_0002670	1.0
http://purl.obolibrary.org/obo/HP_0000458	http://purl.obolibrary.org/obo/MP_0004512	1.0
http://purl.obolibrary.org/obo/HP_0011581	http://purl.obolibrary.org/obo/MP_0010427	1.0
http://purl.obolibrary.org/obo/HP_0001156	http://purl.obolibrary.org/obo/MP_0002544	1.0
http://purl.obolibrary.org/obo/HP_0003808	http://purl.obolibrary.org/obo/MP_0004142	1.0
http://purl.obolibrary.org/obo/HP_0003118	http://purl.obolibrary.org/obo/MP_0014161	1.0
http://purl.obolibrary.org/obo/HP_0010808	http://purl.obolibrary.org/obo/MP_0009908	1.0
http://purl.obolibrary.org/obo/HP_0012154	http://purl.obolibrary.org/obo/MP_0009710	1.0
http://purl.obolibrary.org/obo/HP_0011014	http://purl.obolibrary.org/obo/MP_0002078	1.0
http://purl.obolibrary.org/obo/HP_0012089	http://purl.obolibrary.org/obo/MP_0010138	1.0
http://purl.obolibrary.org/obo/HP_0025006	http://purl.obolibrary.org/obo/MP_0011320	1.0
http://purl.obolibrary.org/obo/HP_0009916	http://purl.obolibrary.org/obo/MP_0006240	1.0
http://purl.obolibrary.org/obo/HP_0030277	http://purl.obolibrary.org/obo/MP_0004604	1.0
http://purl.obolibrary.org/obo/HP_0000963	http://purl.obolibrary.org/obo/MP_0001199	1.0
http://purl.obolibrary.org/obo/HP_0002198	http://purl.obolibrary.org/obo/MP_0000829	1.0
http://purl.obolibrary.org/obo/HP_0001873	http://purl.obolibrary.org/obo/MP_0003179	1.0
http://purl.obolibrary.org/obo/HP_0025382	http://purl.obolibrary.org/obo/MP_0011737	1.0
http://purl.obolibrary.org/obo/HP_0012206	http://purl.obolibrary.org/obo/MP_0002674	1.0
http://purl.obolibrary.org/obo/HP_0031098	http://purl.obolibrary.org/obo/MP_0005134	1.0
http://purl.obolibrary.org/obo/HP_0012447	http://purl.obolibrary.org/obo/MP_0000920	1.0
http://purl.obolibrary.org/obo/HP_0030809	http://purl.obolibrary.org/obo/MP_0000762	1.0
http://purl.obolibrary.org/obo/HP_0001367	http://purl.obolibrary.org/obo/MP_0002932	1.0
http://purl.obolibrary.org/obo/HP_0005165	http://purl.obolibrary.org/obo/MP_0010511	1.0
http://purl.obolibrary.org/obo/HP_0031000	http://purl.obolibrary.org/obo/MP_0004329	1.0
http://purl.obolibrary.org/obo/HP_0005518	http://purl.obolibrary.org/obo/MP_0002590	1.0
http://purl.obolibrary.org/obo/HP_0004792	http://purl.obolibrary.org/obo/MP_0003318	1.0
http://purl.obolibrary.org/obo/HP_0012861	http://purl.obolibrary.org/obo/MP_0002996	1.0
http://purl.obolibrary.org/obo/HP_0002634	http://purl.obolibrary.org/obo/MP_0003991	1.0
http://purl.obolibrary.org/obo/HP_0000577	http://purl.obolibrary.org/obo/MP_0005255	1.0
http://purl.obolibrary.org/obo/HP_0003261	http://purl.obolibrary.org/obo/MP_0002495	1.0
http://purl.obolibrary.org/obo/HP_0002749	http://purl.obolibrary.org/obo/MP_0009445	1.0
http://purl.obolibrary.org/obo/HP_0001901	http://purl.obolibrary.org/obo/MP_0002872	1.0
http://purl.obolibrary.org/obo/HP_0040238	http://purl.obolibrary.org/obo/MP_0008720	1.0
http://purl.obolibrary.org/obo/HP_0008404	http://purl.obolibrary.org/obo/MP_0012400	1.0
http://purl.obolibrary.org/obo/HP_0012444	http://purl.obolibrary.org/obo/MP_0012506	1.0
http://purl.obolibrary.org/obo/HP_0001977	http://purl.obolibrary.org/obo/MP_0005048	1.0
http://purl.obolibrary.org/obo/HP_0000421	http://purl.obolibrary.org/obo/MP_0013127	1.0
http://purl.obolibrary.org/obo/HP_0030424	http://purl.obolibrary.org/obo/MP_0003595	1.0
http://purl.obolibrary.org/obo/HP_0003296	http://purl.obolibrary.org/obo/MP_0020406	1.0
http://purl.obolibrary.org/obo/HP_0005218	http://purl.obolibrary.org/obo/MP_0003317	1.0
http://purl.obolibrary.org/obo/HP_0011273	http://purl.obolibrary.org/obo/MP_0002642	1.0
http://purl.obolibrary.org/obo/HP_0010459	http://purl.obolibrary.org/obo/MP_0002213	1.0
http://purl.obolibrary.org/obo/HP_0010882	http://purl.obolibrary.org/obo/MP_0006130	1.0
http://purl.obolibrary.org/obo/HP_0010307	http://purl.obolibrary.org/obo/MP_0013752	1.0
http://purl.obolibrary.org/obo/HP_0003097	http://purl.obolibrary.org/obo/MP_0003109	1.0
http://purl.obolibrary.org/obo/HP_0040086	http://purl.obolibrary.org/obo/MP_0003970	1.0
http://purl.obolibrary.org/obo/HP_0100519	http://purl.obolibrary.org/obo/MP_0003624	1.0
http://purl.obolibrary.org/obo/HP_0025016	http://purl.obolibrary.org/obo/MP_0003658	1.0
http://purl.obolibrary.org/obo/HP_0012722	http://purl.obolibrary.org/obo/MP_0010559	1.0
http://purl.obolibrary.org/obo/HP_0012151	http://purl.obolibrary.org/obo/MP_0005243	1.0
http://purl.obolibrary.org/obo/HP_0003128	http://purl.obolibrary.org/obo/MP_0012552	1.0
http://purl.obolibrary.org/obo/HP_0000526	http://purl.obolibrary.org/obo/MP_0005261	1.0
http://purl.obolibrary.org/obo/HP_0200098	http://purl.obolibrary.org/obo/MP_0001189	1.0
http://purl.obolibrary.org/obo/HP_0001251	http://purl.obolibrary.org/obo/MP_0001393	1.0
http://purl.obolibrary.org/obo/HP_0002588	http://purl.obolibrary.org/obo/MP_0003273	1.0
http://purl.obolibrary.org/obo/HP_0001410	http://purl.obolibrary.org/obo/MP_0003325	1.0
http://purl.obolibrary.org/obo/HP_0001028	http://purl.obolibrary.org/obo/MP_0014086	1.0
http://purl.obolibrary.org/obo/HP_0002619	http://purl.obolibrary.org/obo/MP_0006136	1.0
http://purl.obolibrary.org/obo/HP_0030684	http://purl.obolibrary.org/obo/MP_0004891	1.0
http://purl.obolibrary.org/obo/HP_0012334	http://purl.obolibrary.org/obo/MP_0005414	1.0
http://purl.obolibrary.org/obo/HP_0002153	http://purl.obolibrary.org/obo/MP_0012339	1.0
http://purl.obolibrary.org/obo/HP_0001298	http://purl.obolibrary.org/obo/MP_0013806	1.0
http://purl.obolibrary.org/obo/HP_0030685	http://purl.obolibrary.org/obo/MP_0004893	1.0
http://purl.obolibrary.org/obo/HP_0000185	http://purl.obolibrary.org/obo/MP_0013546	1.0
http://purl.obolibrary.org/obo/HP_0008716	http://purl.obolibrary.org/obo/MP_0003593	1.0
http://purl.obolibrary.org/obo/HP_0012723	http://purl.obolibrary.org/obo/MP_0010520	1.0
http://purl.obolibrary.org/obo/HP_0040213	http://purl.obolibrary.org/obo/MP_0001956	1.0
http://purl.obolibrary.org/obo/HP_0004937	http://purl.obolibrary.org/obo/MP_0010462	1.0
http://purl.obolibrary.org/obo/HP_0030333	http://purl.obolibrary.org/obo/MP_0012762	1.0
http://purl.obolibrary.org/obo/HP_0003470	http://purl.obolibrary.org/obo/MP_0000753	1.0
http://purl.obolibrary.org/obo/HP_0001638	http://purl.obolibrary.org/obo/MP_0005330	1.0
http://purl.obolibrary.org/obo/HP_0003330	http://purl.obolibrary.org/obo/MP_0003795	1.0
http://purl.obolibrary.org/obo/HP_0000076	http://purl.obolibrary.org/obo/MP_0001948	1.0
http://purl.obolibrary.org/obo/HP_0002018	http://purl.obolibrary.org/obo/MP_0003259	1.0
http://purl.obolibrary.org/obo/HP_0003363	http://purl.obolibrary.org/obo/MP_0011249	1.0
http://purl.obolibrary.org/obo/HP_0000518	http://purl.obolibrary.org/obo/MP_0001304	1.0
http://purl.obolibrary.org/obo/HP_0011902	http://purl.obolibrary.org/obo/MP_0001588	1.0
http://purl.obolibrary.org/obo/HP_0000358	http://purl.obolibrary.org/obo/MP_0003715	1.0
http://purl.obolibrary.org/obo/HP_0002983	http://purl.obolibrary.org/obo/MP_0008736	1.0
http://purl.obolibrary.org/obo/HP_0002583	http://purl.obolibrary.org/obo/MP_0002816	1.0
http://purl.obolibrary.org/obo/HP_0030762	http://purl.obolibrary.org/obo/MP_0011430	1.0
http://purl.obolibrary.org/obo/HP_0000565	http://purl.obolibrary.org/obo/MP_0005256	1.0
http://purl.obolibrary.org/obo/HP_0100686	http://purl.obolibrary.org/obo/MP_0013942	1.0
http://purl.obolibrary.org/obo/HP_0000252	http://purl.obolibrary.org/obo/MP_0000433	1.0
